m,n,k,p1,p2,p1_pct,p2_pct,tie_pct,games,p1_avg_runtime,p2_avg_runtime
3,3,3,mcts,mcts,50,0,50,2,0.327957206302219,0.31382318905421663
3,3,3,mcts,ab,100,0,0,2,0.31801095604896545,1.201805830001831
3,3,3,ab,ab,0,100,0,2,2.3849028859819685,0.976637431553432
3,3,3,ab,mcts,0,100,0,2,2.0985476970672607,0.2983359268733433
4,4,3,mcts,mcts,50,0,50,2,0.7137380930093619,0.7194639046986898
4,4,3,mcts,ab,100,0,0,2,1.0481521685918171,96.10404771566391
4,4,3,ab,ab,0,100,0,2,85.38151478767395,53.7702319920063
